Leg,Category,Name_or_Event,Era,Region,Resonant_Qualities,Shadow_or_Redeeming_Aspects,Notes
2,Negative,Transatlantic Slave Trade,c.16th–19th C,Atlantic Basin,Provided coerced labor that fueled early capitalist industrial expansion and global commodity networks.,"Generated immense wealth and economic development for trading nations; left enduring trauma, displacement, and racial hierarchies.",Systemic commerce based on human bondage; foundational to modern global inequality.
2,Negative,Enclosure Acts (England),18th–19th C,England/UK,"Privatized common lands, accelerating agrarian capitalism and rural-to-urban migration for industrial labor.",Increased agricultural efficiency and capital accumulation; displaced subsistence communities and undermined traditional rights.,Facilitated labor supply for factories but caused social dislocation and poverty.
2,Negative,King Leopold II / Congo Free State,1885–1908,Congo/Belgium,Extractive colonial regime that commodified human labor and natural resources leading to mass atrocities.,Infrastructure and resource extraction benefited Belgian coffers; left deep demographic and social scars in Central Africa.,One of the starkest examples of colonial brutality tied to industrial demand for rubber.
2,Negative,Cecil Rhodes / British South Africa Company,1880s–1900s,Southern Africa/UK,Corporate-colonial model that expanded settler rule and resource extraction under imperial charters.,"Built railways and infrastructure useful to regional development, but prioritized settler advantage and dispossession.",Personified imperial ambition and racialized governance in southern Africa.
2,Negative,Opium Wars (British-Chinese conflicts),1839–1860,China/UK,"Forced trade opened Chinese markets under gunboat diplomacy, undermining sovereignty and social cohesion.",Introduced global trade integration that later facilitated modernization; inflicted deep humiliation and disruption in China.,Catalyzed internal reform debates but at huge human and political cost.
2,Negative,Industrial Child Labor (practice),19th–early 20th C,Europe/North America/Global,Utilized vulnerable children in factories and mines to sustain low-cost industrial production.,Contributed to mass production and economic growth; spurred later labor reforms and social protections.,Ethical tragedy that prompted movements for labor rights and public policy change.
2,Negative,Adolf Hitler / Nazi Germany,1933–1945,Germany/Europe,"State-engineered genocide, expansionist war, and totalitarian control that annihilated millions and destabilized the continent.",Technological advancements in rocketry and medicine emerged in wartime; any such 'gains' are morally compromised.,Unparalleled industrial-scale atrocity and ideological destruction.
2,Negative,Joseph Stalin / Soviet Purges,1920s–1953,USSR,"Centralized terror, forced collectivization, and show trials causing millions of deaths and repression.",Rapid industrialization and WWII defense capability; heavy human cost and enduring political trauma.,Example of modernization through coercion and terror.
2,Negative,Mao Zedong / Great Leap & Cultural Revolution,1949–1976,China,"Radical social-engineering campaigns resulting in famine, social upheaval, and cultural destruction.",Consolidated national sovereignty and later economic transformation; massive human cost during experiments.,Ambitions of social leveling turned catastrophic in implementation.
2,Negative,Pol Pot / Khmer Rouge,1975–1979,Cambodia,Attempted radical agrarian purification that produced genocide and near societal collapse.,Short-lived 'agrarian' reforms collapsed and revealed extreme destructiveness; left deep societal trauma.,A cautionary case of ideological absolutism applied to governance.
2,Negative,Bhopal Disaster (Union Carbide),1984,"Bhopal, India",Industrial chemical leak causing thousands of deaths and chronic health impacts; highlighted corporate risk.,"Spurred international discussions on industrial safety, liability, and corporate governance reforms.",Industrial negligence with long-term environmental and human consequences.
2,Negative,Chernobyl Nuclear Accident,1986,"Pripyat, USSR (Ukraine)",Catastrophic nuclear meltdown with widespread contamination and long-term health/environmental impacts.,Accelerated nuclear safety protocols and international cooperation on disaster response; massive human & ecological cost.,Revealed vulnerabilities in technological systems and governance.
2,Negative,Enron Scandal / Corporate Fraud,2001,USA,Accounting deceit and market manipulation that undermined investor trust and harmed pensions and employees.,"Triggered regulatory reforms (e.g., Sarbanes-Oxley) improving corporate transparency; devastated livelihoods in the short term.",Modern example of financialized corruption with systemic ripple effects.
